Name,Tag_Series,Ticker,Link
GINI Index for Armenia,https://fred.stlouisfed.org/tags/series?t=armenia/series/SIPOVGINIARM,SIPOVGINIARM,https://fred.stlouisfed.org/series/SIPOVGINIARM
Real GDP at Constant National Prices for Armenia,https://fred.stlouisfed.org/tags/series?t=armenia/series/RGDPNAAMA666NRUG,RGDPNAAMA666NRUG,https://fred.stlouisfed.org/series/RGDPNAAMA666NRUG
Number of Listed Companies for Armenia,https://fred.stlouisfed.org/tags/series?t=armenia/series/DDOM01AMA644NWDB,DDOM01AMA644NWDB,https://fred.stlouisfed.org/series/DDOM01AMA644NWDB
"Use of Financial Services, Mobile Banking: Registered Number of Mobile Money Accounts for Armenia",https://fred.stlouisfed.org/tags/series?t=armenia/series/ARMFCMARNUM,ARMFCMARNUM,https://fred.stlouisfed.org/series/ARMFCMARNUM
Constant GDP per capita for Armenia,https://fred.stlouisfed.org/tags/series?t=armenia/series/NYGDPPCAPKDARM,NYGDPPCAPKDARM,https://fred.stlouisfed.org/series/NYGDPPCAPKDARM
Exchange Rate to U.S. Dollar for Armenia,https://fred.stlouisfed.org/tags/series?t=armenia/series/FXRATEAMA618NUPN,FXRATEAMA618NUPN,https://fred.stlouisfed.org/series/FXRATEAMA618NUPN
"Population, Total for Armenia",https://fred.stlouisfed.org/tags/series?t=armenia/series/POPTOTAMA647NWDB,POPTOTAMA647NWDB,https://fred.stlouisfed.org/series/POPTOTAMA647NWDB
Credit to Government and State-Owned Enterprises to GDP for Armenia,https://fred.stlouisfed.org/tags/series?t=armenia/series/DDEI08AMA156NWDB,DDEI08AMA156NWDB,https://fred.stlouisfed.org/series/DDEI08AMA156NWDB
Capital stock at Current Purchasing Power Parities for Armenia,https://fred.stlouisfed.org/tags/series?t=armenia/series/CKSPPPAMA666NRUG,CKSPPPAMA666NRUG,https://fred.stlouisfed.org/series/CKSPPPAMA666NRUG
Remittance Inflows to GDP for Armenia,https://fred.stlouisfed.org/tags/series?t=armenia/series/DDOI11AMA156NWDB,DDOI11AMA156NWDB,https://fred.stlouisfed.org/series/DDOI11AMA156NWDB
Current Account Balance for Armenia,https://fred.stlouisfed.org/tags/series?t=armenia/series/ARMBCAGDPGDPPT,ARMBCAGDPGDPPT,https://fred.stlouisfed.org/series/ARMBCAGDPGDPPT
Bank Non-Performing Loans to Gross Loans for Armenia,https://fred.stlouisfed.org/tags/series?t=armenia/series/DDSI02AMA156NWDB,DDSI02AMA156NWDB,https://fred.stlouisfed.org/series/DDSI02AMA156NWDB
Total External Debt for Armenia,https://fred.stlouisfed.org/tags/series?t=armenia/series/ARMDGDPGDPPT,ARMDGDPGDPPT,https://fred.stlouisfed.org/series/ARMDGDPGDPPT
Core Consumer Price Inflation for Armenia,https://fred.stlouisfed.org/tags/series?t=armenia/series/ARMPCPICOREPCHPT,ARMPCPICOREPCHPT,https://fred.stlouisfed.org/series/ARMPCPICOREPCHPT
Consumer Price Index for Armenia,https://fred.stlouisfed.org/tags/series?t=armenia/series/DDOE01AMA086NWDB,DDOE01AMA086NWDB,https://fred.stlouisfed.org/series/DDOE01AMA086NWDB
Youth Unemployment Rate for Armenia,https://fred.stlouisfed.org/tags/series?t=armenia/series/SLUEM1524ZSARM,SLUEM1524ZSARM,https://fred.stlouisfed.org/series/SLUEM1524ZSARM
Population for Armenia,https://fred.stlouisfed.org/tags/series?t=armenia/series/POPTTLAMA148NRUG,POPTTLAMA148NRUG,https://fred.stlouisfed.org/series/POPTTLAMA148NRUG
Gross Domestic Product for Armenia,https://fred.stlouisfed.org/tags/series?t=armenia/series/MKTGDPAMA646NWDB,MKTGDPAMA646NWDB,https://fred.stlouisfed.org/series/MKTGDPAMA646NWDB
Index of Human Capital per Person for Armenia,https://fred.stlouisfed.org/tags/series?t=armenia/series/HCIYISAMA066NRUG,HCIYISAMA066NRUG,https://fred.stlouisfed.org/series/HCIYISAMA066NRUG
"Literacy Rate, Adult Total for Armenia",https://fred.stlouisfed.org/tags/series?t=armenia/series/SEADTLITRZSARM,SEADTLITRZSARM,https://fred.stlouisfed.org/series/SEADTLITRZSARM
"Inflation, consumer prices for Armenia",https://fred.stlouisfed.org/tags/series?t=armenia/series/FPCPITOTLZGARM,FPCPITOTLZGARM,https://fred.stlouisfed.org/series/FPCPITOTLZGARM
Total Government Debt for General Government for Armenia,https://fred.stlouisfed.org/tags/series?t=armenia/series/ARMGGDGDPGDPPT,ARMGGDGDPGDPPT,https://fred.stlouisfed.org/series/ARMGGDGDPGDPPT
Crude Birth Rate for Armenia,https://fred.stlouisfed.org/tags/series?t=armenia/series/SPDYNCBRTINARM,SPDYNCBRTINARM,https://fred.stlouisfed.org/series/SPDYNCBRTINARM
Gross International Reserves Held by Central Bank for Armenia,https://fred.stlouisfed.org/tags/series?t=armenia/series/ARMFAFARUSD,ARMFAFARUSD,https://fred.stlouisfed.org/series/ARMFAFARUSD
Consumer Price Inflation for Armenia,https://fred.stlouisfed.org/tags/series?t=armenia/series/ARMPCPIPCHPT,ARMPCPIPCHPT,https://fred.stlouisfed.org/series/ARMPCPIPCHPT
Stock Market Capitalization to GDP for Armenia,https://fred.stlouisfed.org/tags/series?t=armenia/series/DDDM01AMA156NWDB,DDDM01AMA156NWDB,https://fred.stlouisfed.org/series/DDDM01AMA156NWDB
Gross National Income for Armenia,https://fred.stlouisfed.org/tags/series?t=armenia/series/MKTGNIAMA646NWDB,MKTGNIAMA646NWDB,https://fred.stlouisfed.org/series/MKTGNIAMA646NWDB
Net migration for Armenia,https://fred.stlouisfed.org/tags/series?t=armenia/series/SMPOPNETMARM,SMPOPNETMARM,https://fred.stlouisfed.org/series/SMPOPNETMARM
Ease of doing business index for Armenia,https://fred.stlouisfed.org/tags/series?t=armenia/series/ICBUSEASEXQARM,ICBUSEASEXQARM,https://fred.stlouisfed.org/series/ICBUSEASEXQARM
Overall Fiscal Balance for General Government for Armenia,https://fred.stlouisfed.org/tags/series?t=armenia/series/ARMGGBGDPGDPPT,ARMGGBGDPGDPPT,https://fred.stlouisfed.org/series/ARMGGBGDPGDPPT
Use of Financial Services: Key Indicators Mobile Money Transactions (during the Reference Year) Per 1000 Adults for Armenia,https://fred.stlouisfed.org/tags/series?t=armenia/series/ARMFCMTANUM,ARMFCMTANUM,https://fred.stlouisfed.org/series/ARMFCMTANUM
Bank Deposits to GDP for Armenia,https://fred.stlouisfed.org/tags/series?t=armenia/series/DDOI02AMA156NWDB,DDOI02AMA156NWDB,https://fred.stlouisfed.org/series/DDOI02AMA156NWDB
Percentage of Foreign Bank Assets Among Total Bank Assets for Armenia,https://fred.stlouisfed.org/tags/series?t=armenia/series/DDOI14AMA156NWDB,DDOI14AMA156NWDB,https://fred.stlouisfed.org/series/DDOI14AMA156NWDB
Bank Z-Score for Armenia,https://fred.stlouisfed.org/tags/series?t=armenia/series/DDSI01AMA645NWDB,DDSI01AMA645NWDB,https://fred.stlouisfed.org/series/DDSI01AMA645NWDB
Total Factor Productivity Level at Current Purchasing Power Parities for Armenia,https://fred.stlouisfed.org/tags/series?t=armenia/series/CTFPPPAMA669NRUG,CTFPPPAMA669NRUG,https://fred.stlouisfed.org/series/CTFPPPAMA669NRUG
Age Dependency Ratio: Older Dependents to Working-Age Population for Armenia,https://fred.stlouisfed.org/tags/series?t=armenia/series/SPPOPDPNDOLARM,SPPOPDPNDOLARM,https://fred.stlouisfed.org/series/SPPOPDPNDOLARM
Bank's Net Interest Margin for Armenia,https://fred.stlouisfed.org/tags/series?t=armenia/series/DDEI01AMA156NWDB,DDEI01AMA156NWDB,https://fred.stlouisfed.org/series/DDEI01AMA156NWDB
Bank's Return on Assets for Armenia,https://fred.stlouisfed.org/tags/series?t=armenia/series/DDEI05AMA156NWDB,DDEI05AMA156NWDB,https://fred.stlouisfed.org/series/DDEI05AMA156NWDB
Infant Mortality Rate for Armenia,https://fred.stlouisfed.org/tags/series?t=armenia/series/SPDYNIMRTINARM,SPDYNIMRTINARM,https://fred.stlouisfed.org/series/SPDYNIMRTINARM
Population Growth for Armenia,https://fred.stlouisfed.org/tags/series?t=armenia/series/SPPOPGROWARM,SPPOPGROWARM,https://fred.stlouisfed.org/series/SPPOPGROWARM
Total Factor Productivity at Constant National Prices for Armenia,https://fred.stlouisfed.org/tags/series?t=armenia/series/RTFPNAAMA632NRUG,RTFPNAAMA632NRUG,https://fred.stlouisfed.org/series/RTFPNAAMA632NRUG
Bank Lending Deposit Spread for Armenia,https://fred.stlouisfed.org/tags/series?t=armenia/series/DDEI02AMA156NWDB,DDEI02AMA156NWDB,https://fred.stlouisfed.org/series/DDEI02AMA156NWDB
"Fertility Rate, Total for Armenia",https://fred.stlouisfed.org/tags/series?t=armenia/series/SPDYNTFRTINARM,SPDYNTFRTINARM,https://fred.stlouisfed.org/series/SPDYNTFRTINARM
Share of Labour Compensation in GDP at Current National Prices for Armenia,https://fred.stlouisfed.org/tags/series?t=armenia/series/LABSHPAMA156NRUG,LABSHPAMA156NRUG,https://fred.stlouisfed.org/series/LABSHPAMA156NRUG
Deposit Money Bank Assets to Deposit Money Bank Assets and Central Bank Assets for Armenia,https://fred.stlouisfed.org/tags/series?t=armenia/series/DDDI04AMA156NWDB,DDDI04AMA156NWDB,https://fred.stlouisfed.org/series/DDDI04AMA156NWDB
U.S. Granted Patents: Design Patents Originating in Armenia,https://fred.stlouisfed.org/tags/series?t=armenia/series/PATENT4NAMDESIGN,PATENT4NAMDESIGN,https://fred.stlouisfed.org/series/PATENT4NAMDESIGN
U.S. Granted Patents: Plant Patents Originating in Armenia,https://fred.stlouisfed.org/tags/series?t=armenia/series/PATENT4NAMPLANT,PATENT4NAMPLANT,https://fred.stlouisfed.org/series/PATENT4NAMPLANT
Purchasing Power Parity Converted GDP Per Capita (Chain Series) for Armenia,https://fred.stlouisfed.org/tags/series?t=armenia&et=&pageID=2/series/RGDPCHAMA625NUPN,RGDPCHAMA625NUPN,https://fred.stlouisfed.org/series/RGDPCHAMA625NUPN
Number of Identified Exporters to Armenia from Vermont,https://fred.stlouisfed.org/tags/series?t=armenia&et=&pageID=2/series/VTARMA475SCEN,VTARMA475SCEN,https://fred.stlouisfed.org/series/VTARMA475SCEN
Value of Exports to Armenia from New York,https://fred.stlouisfed.org/tags/series?t=armenia&et=&pageID=2/series/NYARMA052SCEN,NYARMA052SCEN,https://fred.stlouisfed.org/series/NYARMA052SCEN
Ratio of GNP to GDP for Armenia,https://fred.stlouisfed.org/tags/series?t=armenia&et=&pageID=2/series/GNPGDPAMA156NUPN,GNPGDPAMA156NUPN,https://fred.stlouisfed.org/series/GNPGDPAMA156NUPN
Percentage of Foreign Banks Among Total Banks for Armenia,https://fred.stlouisfed.org/tags/series?t=armenia&et=&pageID=2/series/DDOI13AMA156NWDB,DDOI13AMA156NWDB,https://fred.stlouisfed.org/series/DDOI13AMA156NWDB
Non-Oil Real GDP Growth in Constant Prices for Armenia,https://fred.stlouisfed.org/tags/series?t=armenia&et=&pageID=2/series/ARMNGDPXORPCHPT,ARMNGDPXORPCHPT,https://fred.stlouisfed.org/series/ARMNGDPXORPCHPT
World Pandemic Uncertainty Index for Armenia,https://fred.stlouisfed.org/tags/series?t=armenia&et=&pageID=2/series/WUPIARM,WUPIARM,https://fred.stlouisfed.org/series/WUPIARM
"Total Purchasing Power Parity Converted GDP, G-K method, at current prices for Armenia",https://fred.stlouisfed.org/tags/series?t=armenia&et=&pageID=2/series/PPPGDPAMA619NUPN,PPPGDPAMA619NUPN,https://fred.stlouisfed.org/series/PPPGDPAMA619NUPN
Openness at Current Prices for Armenia,https://fred.stlouisfed.org/tags/series?t=armenia&et=&pageID=2/series/OPENCPAMA156NUPN,OPENCPAMA156NUPN,https://fred.stlouisfed.org/series/OPENCPAMA156NUPN
Use of Financial Services: Number of Loan Accounts at Commercial Banks for Armenia,https://fred.stlouisfed.org/tags/series?t=armenia&et=&pageID=2/series/ARMFCNODCNUM,ARMFCNODCNUM,https://fred.stlouisfed.org/series/ARMFCNODCNUM
Value of Exports to Armenia from District of Columbia,https://fred.stlouisfed.org/tags/series?t=armenia&et=&pageID=2/series/DCARMA052SCEN,DCARMA052SCEN,https://fred.stlouisfed.org/series/DCARMA052SCEN
Deposit Money Bank Assets to GDP for Armenia,https://fred.stlouisfed.org/tags/series?t=armenia&et=&pageID=2/series/DDDI02AMA156NWDB,DDDI02AMA156NWDB,https://fred.stlouisfed.org/series/DDDI02AMA156NWDB
Imports of Goods and Services for Armenia,https://fred.stlouisfed.org/tags/series?t=armenia&et=&pageID=2/series/ARMBMUSD,ARMBMUSD,https://fred.stlouisfed.org/series/ARMBMUSD
Stock Market Total Value Traded to GDP for Armenia,https://fred.stlouisfed.org/tags/series?t=armenia&et=&pageID=2/series/DDDM02AMA156NWDB,DDDM02AMA156NWDB,https://fred.stlouisfed.org/series/DDDM02AMA156NWDB
5-Bank Asset Concentration for Armenia,https://fred.stlouisfed.org/tags/series?t=armenia&et=&pageID=2/series/DDOI06AMA156NWDB,DDOI06AMA156NWDB,https://fred.stlouisfed.org/series/DDOI06AMA156NWDB
Barro-Lee: Population age 25+ with tertiary schooling. Total (Incomplete and Completed Tertiary) for Armenia,https://fred.stlouisfed.org/tags/series?t=armenia&et=&pageID=2/series/BARTERICMP25UPZSARM,BARTERICMP25UPZSARM,https://fred.stlouisfed.org/series/BARTERICMP25UPZSARM
Lerner Index in Banking Market for Armenia,https://fred.stlouisfed.org/tags/series?t=armenia&et=&pageID=2/series/DDOI04AMA066NWDB,DDOI04AMA066NWDB,https://fred.stlouisfed.org/series/DDOI04AMA066NWDB
Gross Domestic Product in Constant Prices for Armenia,https://fred.stlouisfed.org/tags/series?t=armenia&et=&pageID=2/series/ARMNGDPRPCHPT,ARMNGDPRPCHPT,https://fred.stlouisfed.org/series/ARMNGDPRPCHPT
Gross Domestic Product Per Capita for Armenia,https://fred.stlouisfed.org/tags/series?t=armenia&et=&pageID=2/series/PCAGDPAMA646NWDB,PCAGDPAMA646NWDB,https://fred.stlouisfed.org/series/PCAGDPAMA646NWDB
Expenditure-side Real GDP at Chained Purchasing Power Parities for Armenia,https://fred.stlouisfed.org/tags/series?t=armenia&et=&pageID=2/series/RGDPESAMA666NRUG,RGDPESAMA666NRUG,https://fred.stlouisfed.org/series/RGDPESAMA666NRUG
"Life Expectancy at Birth, Total for Armenia",https://fred.stlouisfed.org/tags/series?t=armenia&et=&pageID=2/series/SPDYNLE00INARM,SPDYNLE00INARM,https://fred.stlouisfed.org/series/SPDYNLE00INARM
Number of Identified Exporters to Armenia from Delaware,https://fred.stlouisfed.org/tags/series?t=armenia&et=&pageID=2/series/DEARMA475SCEN,DEARMA475SCEN,https://fred.stlouisfed.org/series/DEARMA475SCEN
Balance on Current Account for Armenia,https://fred.stlouisfed.org/tags/series?t=armenia&et=&pageID=2/series/ARMBCAUSD,ARMBCAUSD,https://fred.stlouisfed.org/series/ARMBCAUSD
Mutual Fund Assets to GDP for Armenia,https://fred.stlouisfed.org/tags/series?t=armenia&et=&pageID=2/series/DDDI07AMA156NWDB,DDDI07AMA156NWDB,https://fred.stlouisfed.org/series/DDDI07AMA156NWDB
Exports of Goods and Services for Armenia,https://fred.stlouisfed.org/tags/series?t=armenia&et=&pageID=2/series/ARMBXUSD,ARMBXUSD,https://fred.stlouisfed.org/series/ARMBXUSD
Non-Bank Financial Institutions' Assets to GDP for Armenia,https://fred.stlouisfed.org/tags/series?t=armenia&et=&pageID=2/series/DDDI03AMA156NWDB,DDDI03AMA156NWDB,https://fred.stlouisfed.org/series/DDDI03AMA156NWDB
Exchange Rate (market+estimated) for Armenia,https://fred.stlouisfed.org/tags/series?t=armenia&et=&pageID=2/series/XRNCUSAMA618NRUG,XRNCUSAMA618NRUG,https://fred.stlouisfed.org/series/XRNCUSAMA618NRUG
Employment to Population Ratio for Armenia,https://fred.stlouisfed.org/tags/series?t=armenia&et=&pageID=2/series/SLEMPTOTLSPZSARM,SLEMPTOTLSPZSARM,https://fred.stlouisfed.org/series/SLEMPTOTLSPZSARM
Bank's Non-Interest Income to Total Income for Armenia,https://fred.stlouisfed.org/tags/series?t=armenia&et=&pageID=2/series/DDEI03AMA156NWDB,DDEI03AMA156NWDB,https://fred.stlouisfed.org/series/DDEI03AMA156NWDB
Insurance Company Assets to GDP for Armenia,https://fred.stlouisfed.org/tags/series?t=armenia&et=&pageID=2/series/DDDI11AMA156NWDB,DDDI11AMA156NWDB,https://fred.stlouisfed.org/series/DDDI11AMA156NWDB
U.S. Exports of Goods by F.A.S. Basis to Armenia,https://fred.stlouisfed.org/tags/series?t=armenia&et=&pageID=2/series/EXP4631,EXP4631,https://fred.stlouisfed.org/series/EXP4631
World Uncertainty Index for Armenia,https://fred.stlouisfed.org/tags/series?t=armenia&et=&pageID=2/series/WUIARM,WUIARM,https://fred.stlouisfed.org/series/WUIARM
Bank's Return on Equity for Armenia,https://fred.stlouisfed.org/tags/series?t=armenia&et=&pageID=2/series/DDEI06AMA156NWDB,DDEI06AMA156NWDB,https://fred.stlouisfed.org/series/DDEI06AMA156NWDB
Gross Domestic Product in Current Prices for Armenia,https://fred.stlouisfed.org/tags/series?t=armenia&et=&pageID=2/series/ARMNGDPDUSD,ARMNGDPDUSD,https://fred.stlouisfed.org/series/ARMNGDPDUSD
Population Ages 15 to 64 for Armenia,https://fred.stlouisfed.org/tags/series?t=armenia&et=&pageID=2/series/SPPOP1564TOZSARM,SPPOP1564TOZSARM,https://fred.stlouisfed.org/series/SPPOP1564TOZSARM
Average Annual Hours Worked by Persons Engaged for Armenia,https://fred.stlouisfed.org/tags/series?t=armenia&et=&pageID=2/series/AVHWPEAMA065NRUG,AVHWPEAMA065NRUG,https://fred.stlouisfed.org/series/AVHWPEAMA065NRUG
Number of Persons Engaged for Armenia,https://fred.stlouisfed.org/tags/series?t=armenia&et=&pageID=2/series/EMPENGAMA148NRUG,EMPENGAMA148NRUG,https://fred.stlouisfed.org/series/EMPENGAMA148NRUG
Liquid Liabilities (Broad Money) for Armenia,https://fred.stlouisfed.org/tags/series?t=armenia&et=&pageID=2/series/DDOI07AMA648NWDB,DDOI07AMA648NWDB,https://fred.stlouisfed.org/series/DDOI07AMA648NWDB
Broad Money for Armenia,https://fred.stlouisfed.org/tags/series?t=armenia&et=&pageID=2/series/ARMFMBPCHPT,ARMFMBPCHPT,https://fred.stlouisfed.org/series/ARMFMBPCHPT
Internet users for Armenia,https://fred.stlouisfed.org/tags/series?t=armenia&et=&pageID=2/series/ITNETUSERP2ARM,ITNETUSERP2ARM,https://fred.stlouisfed.org/series/ITNETUSERP2ARM
Expenditure-side Real GDP at Current Purchasing Power Parities for Armenia,https://fred.stlouisfed.org/tags/series?t=armenia&et=&pageID=2/series/CGDPESAMA666NRUG,CGDPESAMA666NRUG,https://fred.stlouisfed.org/series/CGDPESAMA666NRUG
"Use of Financial Services, Assets: Outstanding Loans at Commercial Banks for Armenia",https://fred.stlouisfed.org/tags/series?t=armenia&et=&pageID=2/series/ARMFCSODCXDC,ARMFCSODCXDC,https://fred.stlouisfed.org/series/ARMFCSODCXDC
Number of Identified Exporters to Armenia from Arkansas,https://fred.stlouisfed.org/tags/series?t=armenia&et=&pageID=2/series/ARARMA475SCEN,ARARMA475SCEN,https://fred.stlouisfed.org/series/ARARMA475SCEN
Bank Capital to Total Assets for Armenia,https://fred.stlouisfed.org/tags/series?t=armenia&et=&pageID=2/series/DDSI03AMA156NWDB,DDSI03AMA156NWDB,https://fred.stlouisfed.org/series/DDSI03AMA156NWDB
Adolescent Fertility Rate for Armenia,https://fred.stlouisfed.org/tags/series?t=armenia&et=&pageID=2/series/SPADOTFRTARM,SPADOTFRTARM,https://fred.stlouisfed.org/series/SPADOTFRTARM
Small Firms with a Bank Loan or Line of Credit to Total Small Firms for Armenia,https://fred.stlouisfed.org/tags/series?t=armenia&et=&pageID=2/series/DDAI04AMA156NWDB,DDAI04AMA156NWDB,https://fred.stlouisfed.org/series/DDAI04AMA156NWDB
"Purchasing Power Parity Converted GDP Per Capita Relative to the United States, G-K method, at current prices for Armenia",https://fred.stlouisfed.org/tags/series?t=armenia&et=&pageID=2/series/PGDPUSAMA621NUPN,PGDPUSAMA621NUPN,https://fred.stlouisfed.org/series/PGDPUSAMA621NUPN
Financial System Deposits to GDP for Armenia,https://fred.stlouisfed.org/tags/series?t=armenia&et=&pageID=2/series/DDDI08AMA156NWDB,DDDI08AMA156NWDB,https://fred.stlouisfed.org/series/DDDI08AMA156NWDB
Central Government Net Lending/borrowing (central Govt Fiscal Balance) for Armenia,"https://fred.stlouisfed.org/tags/series?t=armenia&et=&pageID=2/series/ARMGCXCNLGDPGDPPT""Stock Market Turnover Ratio (Value Traded/Capitalization) for Armenia","ARMGCXCNLGDPGDPPT""Stock Market Turnover Ratio (Value Traded/Capitalization) for Armenia","https://fred.stlouisfed.org/series/ARMGCXCNLGDPGDPPT""Stock Market Turnover Ratio (Value Traded/Capitalization) for Armenia"
Number of Bank Accounts for Armenia,https://fred.stlouisfed.org/tags/series?et=&pageID=3&t=armenia/series/DDAI01AMA642NWDB,DDAI01AMA642NWDB,https://fred.stlouisfed.org/series/DDAI01AMA642NWDB
Private Credit by Deposit Money Banks to GDP for Armenia,https://fred.stlouisfed.org/tags/series?et=&pageID=3&t=armenia/series/DDDI01AMA156NWDB,DDDI01AMA156NWDB,https://fred.stlouisfed.org/series/DDDI01AMA156NWDB
H-Statistic in Banking Market for Armenia,https://fred.stlouisfed.org/tags/series?et=&pageID=3&t=armenia/series/DDOI03AMA066NWDB,DDOI03AMA066NWDB,https://fred.stlouisfed.org/series/DDOI03AMA066NWDB
Non-Life Insurance Premium Volume to GDP for Armenia,https://fred.stlouisfed.org/tags/series?et=&pageID=3&t=armenia/series/DDDI10AMA156NWDB,DDDI10AMA156NWDB,https://fred.stlouisfed.org/series/DDDI10AMA156NWDB
Number of Identified Exporters to Armenia from Massachusetts,https://fred.stlouisfed.org/tags/series?et=&pageID=3&t=armenia/series/MAARMA475SCEN,MAARMA475SCEN,https://fred.stlouisfed.org/series/MAARMA475SCEN
Total Expenditure and Net Lending for General Government for Armenia,https://fred.stlouisfed.org/tags/series?et=&pageID=3&t=armenia/series/ARMGGENLGDPGDPPT,ARMGGENLGDPGDPPT,https://fred.stlouisfed.org/series/ARMGGENLGDPGDPPT
Price Level of Exports for Armenia,https://fred.stlouisfed.org/tags/series?et=&pageID=3&t=armenia/series/PLXCPPAMA670NRUG,PLXCPPAMA670NRUG,https://fred.stlouisfed.org/series/PLXCPPAMA670NRUG
Purchasing Power Parity Converted GDP Laspeyres per person counted in total employment for Armenia,https://fred.stlouisfed.org/tags/series?et=&pageID=3&t=armenia/series/RGDPTEAMA629NUPN,RGDPTEAMA629NUPN,https://fred.stlouisfed.org/series/RGDPTEAMA629NUPN
Value of Exports to Armenia from Indiana,https://fred.stlouisfed.org/tags/series?et=&pageID=3&t=armenia/series/INARMA052SCEN,INARMA052SCEN,https://fred.stlouisfed.org/series/INARMA052SCEN
Geographical Outreach: Number of Commercial Banks for Armenia,https://fred.stlouisfed.org/tags/series?et=&pageID=3&t=armenia/series/ARMFCIODCNUM,ARMFCIODCNUM,https://fred.stlouisfed.org/series/ARMFCIODCNUM
Price Level of Government Consumption for Armenia,https://fred.stlouisfed.org/tags/series?et=&pageID=3&t=armenia/series/PLGCPPAMA670NRUG,PLGCPPAMA670NRUG,https://fred.stlouisfed.org/series/PLGCPPAMA670NRUG
Liquid Liabilities to GDP for Armenia,https://fred.stlouisfed.org/tags/series?et=&pageID=3&t=armenia/series/DDDI05AMA156NWDB,DDDI05AMA156NWDB,https://fred.stlouisfed.org/series/DDDI05AMA156NWDB
Cash surplus/deficit (% of GDP) for Armenia,https://fred.stlouisfed.org/tags/series?et=&pageID=3&t=armenia/series/CASHBLAMA188A,CASHBLAMA188A,https://fred.stlouisfed.org/series/CASHBLAMA188A
"Use of Financial Services, Mobile Banking: Value of Outstanding Balances in Active Mobile Money Accounts for Armenia",https://fred.stlouisfed.org/tags/series?et=&pageID=3&t=armenia/series/ARMFCMAABXDC,ARMFCMAABXDC,https://fred.stlouisfed.org/series/ARMFCMAABXDC
Smoothed World Uncertainty Index for Armenia,https://fred.stlouisfed.org/tags/series?et=&pageID=3&t=armenia/series/WUIMAARM,WUIMAARM,https://fred.stlouisfed.org/series/WUIMAARM
Number of Identified Exporters to Armenia from Alabama,https://fred.stlouisfed.org/tags/series?et=&pageID=3&t=armenia/series/ALARMA475SCEN,ALARMA475SCEN,https://fred.stlouisfed.org/series/ALARMA475SCEN
Bank Concentration for Armenia,https://fred.stlouisfed.org/tags/series?et=&pageID=3&t=armenia/series/DDOI01AMA156NWDB,DDOI01AMA156NWDB,https://fred.stlouisfed.org/series/DDOI01AMA156NWDB
"Use of Financial Services: Key Indicators, Value of Mobile Money Transactions During the Reference Year for Armenia",https://fred.stlouisfed.org/tags/series?et=&pageID=3&t=armenia/series/ARMFCMTVGGDPPT,ARMFCMTVGGDPPT,https://fred.stlouisfed.org/series/ARMFCMTVGGDPPT
Bank's Cost to Income Ratio for Armenia,https://fred.stlouisfed.org/tags/series?et=&pageID=3&t=armenia/series/DDEI07AMA156NWDB,DDEI07AMA156NWDB,https://fred.stlouisfed.org/series/DDEI07AMA156NWDB
Provisions to Non-Performing Loans for Armenia,https://fred.stlouisfed.org/tags/series?et=&pageID=3&t=armenia/series/DDSI07AMA156NWDB,DDSI07AMA156NWDB,https://fred.stlouisfed.org/series/DDSI07AMA156NWDB
Central Bank Assets to GDP for Armenia,https://fred.stlouisfed.org/tags/series?et=&pageID=3&t=armenia/series/DDDI06AMA156NWDB,DDDI06AMA156NWDB,https://fred.stlouisfed.org/series/DDDI06AMA156NWDB
"Geographical Outreach: Key Indicators ATMs Per 100,000 Adults for Armenia",https://fred.stlouisfed.org/tags/series?et=&pageID=3&t=armenia/series/ARMFCAANUM,ARMFCAANUM,https://fred.stlouisfed.org/series/ARMFCAANUM
Purchasing Power Parity Converted Gross Domestic Income (adjusted for Terms of Trade changes) for Armenia,https://fred.stlouisfed.org/tags/series?et=&pageID=3&t=armenia/series/RGDPTTAMA625NUPN,RGDPTTAMA625NUPN,https://fred.stlouisfed.org/series/RGDPTTAMA625NUPN
"Use of Financial Services, Mobile Banking: Active Number of Mobile Money Accounts for Armenia",https://fred.stlouisfed.org/tags/series?et=&pageID=3&t=armenia/series/ARMFCMAANUM,ARMFCMAANUM,https://fred.stlouisfed.org/series/ARMFCMAANUM
Number of Identified Exporters to Armenia from Kentucky,https://fred.stlouisfed.org/tags/series?et=&pageID=3&t=armenia/series/KYARMA475SCEN,KYARMA475SCEN,https://fred.stlouisfed.org/series/KYARMA475SCEN
Population ages 65 and above for Armenia,https://fred.stlouisfed.org/tags/series?et=&pageID=3&t=armenia/series/SPPOP65UPTOZSARM,SPPOP65UPTOZSARM,https://fred.stlouisfed.org/series/SPPOP65UPTOZSARM
"International Migrant Stock, Total for Armenia",https://fred.stlouisfed.org/tags/series?et=&pageID=3&t=armenia/series/SMPOPTOTLARM,SMPOPTOTLARM,https://fred.stlouisfed.org/series/SMPOPTOTLARM
Use of Financial Services Deposit Accounts: Accounts at Commercial Banks for Armenia,https://fred.stlouisfed.org/tags/series?et=&pageID=3&t=armenia/series/ARMFCAODCNUM,ARMFCAODCNUM,https://fred.stlouisfed.org/series/ARMFCAODCNUM
"Purchasing Power Parity Converted GDP Per Capita (Laspeyres), derived from growth rates of Consumption, Government Consumption, Investment for Armenia",https://fred.stlouisfed.org/tags/series?et=&pageID=3&t=armenia/series/RGDPLPAMA625NUPN,RGDPLPAMA625NUPN,https://fred.stlouisfed.org/series/RGDPLPAMA625NUPN
Output-side Real GDP at chained Purchasing Power Parities for Armenia,https://fred.stlouisfed.org/tags/series?et=&pageID=3&t=armenia/series/RGDPOSAMA666NRUG,RGDPOSAMA666NRUG,https://fred.stlouisfed.org/series/RGDPOSAMA666NRUG
Purchasing Power Parity over GDP for Armenia,https://fred.stlouisfed.org/tags/series?et=&pageID=3&t=armenia/series/PPPTTLAMA618NUPN,PPPTTLAMA618NUPN,https://fred.stlouisfed.org/series/PPPTTLAMA618NUPN
"Use of Financial Services: Key Indicators, Outstanding Loans from Commercial Banks to Households for Armenia",https://fred.stlouisfed.org/tags/series?et=&pageID=3&t=armenia/series/ARMFCSODCHGGDPPT,ARMFCSODCHGGDPPT,https://fred.stlouisfed.org/series/ARMFCSODCHGGDPPT
Number of Identified Exporters to Armenia from Montana,https://fred.stlouisfed.org/tags/series?et=&pageID=3&t=armenia/series/MTARMA475SCEN,MTARMA475SCEN,https://fred.stlouisfed.org/series/MTARMA475SCEN
Value of Exports to Armenia from New Hampshire,https://fred.stlouisfed.org/tags/series?et=&pageID=3&t=armenia/series/NHARMA052SCEN,NHARMA052SCEN,https://fred.stlouisfed.org/series/NHARMA052SCEN
Boone Indicator in Banking Market for Armenia,https://fred.stlouisfed.org/tags/series?et=&pageID=3&t=armenia/series/DDOI05AMA156NWDB,DDOI05AMA156NWDB,https://fred.stlouisfed.org/series/DDOI05AMA156NWDB
"Use of Financial Services, Liabilities: Outstanding Deposits at Other Other Financial Intermediaries for Armenia",https://fred.stlouisfed.org/tags/series?et=&pageID=3&t=armenia/series/ARMFCLOFOXDC,ARMFCLOFOXDC,https://fred.stlouisfed.org/series/ARMFCLOFOXDC
Number of Identified Exporters to Armenia from Hawaii,https://fred.stlouisfed.org/tags/series?et=&pageID=3&t=armenia/series/HIARMA475SCEN,HIARMA475SCEN,https://fred.stlouisfed.org/series/HIARMA475SCEN
Number of Identified Exporters to Armenia from Georgia,https://fred.stlouisfed.org/tags/series?et=&pageID=3&t=armenia/series/GAARMA475SCEN,GAARMA475SCEN,https://fred.stlouisfed.org/series/GAARMA475SCEN
Value of Exports to Armenia from California,https://fred.stlouisfed.org/tags/series?et=&pageID=3&t=armenia/series/CAARMA052SCEN,CAARMA052SCEN,https://fred.stlouisfed.org/series/CAARMA052SCEN
Price Level of Investment for Armenia,https://fred.stlouisfed.org/tags/series?et=&pageID=3&t=armenia/series/PLOINVAMA624NUPN,PLOINVAMA624NUPN,https://fred.stlouisfed.org/series/PLOINVAMA624NUPN
"Use of Financial Services: Key Indicators, Outstanding Balances on Active Mobile Money Accounts for Armenia",https://fred.stlouisfed.org/tags/series?et=&pageID=3&t=armenia/series/ARMFCMAABGGDPPT,ARMFCMAABGGDPPT,https://fred.stlouisfed.org/series/ARMFCMAABGGDPPT
Private Credit by Deposit Money Banks and Other Financial Institutions to GDP for Armenia,https://fred.stlouisfed.org/tags/series?et=&pageID=3&t=armenia/series/DDDI12AMA156NWDB,DDDI12AMA156NWDB,https://fred.stlouisfed.org/series/DDDI12AMA156NWDB
Openness at constant prices for Armenia,https://fred.stlouisfed.org/tags/series?et=&pageID=3&t=armenia/series/OPENRPAMA156NUPN,OPENRPAMA156NUPN,https://fred.stlouisfed.org/series/OPENRPAMA156NUPN
Value of Exports to Armenia from Florida,https://fred.stlouisfed.org/tags/series?et=&pageID=3&t=armenia/series/FLARMA052SCEN,FLARMA052SCEN,https://fred.stlouisfed.org/series/FLARMA052SCEN
Output-side Real GDP at Current Purchasing Power Parities for Armenia,https://fred.stlouisfed.org/tags/series?et=&pageID=3&t=armenia/series/CGDPOSAMA666NRUG,CGDPOSAMA666NRUG,https://fred.stlouisfed.org/series/CGDPOSAMA666NRUG
U.S. Imports of Goods by Customs Basis from Armenia,https://fred.stlouisfed.org/tags/series?et=&pageID=3&t=armenia/series/IMP4631,IMP4631,https://fred.stlouisfed.org/series/IMP4631
Bank Regulatory Capital to Risk-Weighted Assets for Armenia,https://fred.stlouisfed.org/tags/series?et=&pageID=3&t=armenia/series/DDSI05AMA156NWDB,DDSI05AMA156NWDB,https://fred.stlouisfed.org/series/DDSI05AMA156NWDB
Share of Gross Capital Formation at Current Purchasing Power Parities for Armenia,"https://fred.stlouisfed.org/tags/series?et=&pageID=3&t=armenia/series/CSHICPAMA156NRUG""Use of Financial Services, Liabilities: Outstanding Deposits at Other Financial Corporations for Armenia","CSHICPAMA156NRUG""Use of Financial Services, Liabilities: Outstanding Deposits at Other Financial Corporations for Armenia","https://fred.stlouisfed.org/series/CSHICPAMA156NRUG""Use of Financial Services, Liabilities: Outstanding Deposits at Other Financial Corporations for Armenia"
"Geographical Outreach: Number of Institutions, Other Financial Corporations, Other Financial Intermediaries for Armenia",https://fred.stlouisfed.org/tags/series?et=&pageID=4&t=armenia/series/ARMFCIOFMNUM,ARMFCIOFMNUM,https://fred.stlouisfed.org/series/ARMFCIOFMNUM
Value of Exports to Armenia from Maryland,https://fred.stlouisfed.org/tags/series?et=&pageID=4&t=armenia/series/MDARMA052SCEN,MDARMA052SCEN,https://fred.stlouisfed.org/series/MDARMA052SCEN
Value of Exports to Armenia from Kansas,https://fred.stlouisfed.org/tags/series?et=&pageID=4&t=armenia/series/KSARMA052SCEN,KSARMA052SCEN,https://fred.stlouisfed.org/series/KSARMA052SCEN
Number of Identified Exporters to Armenia from Michigan,https://fred.stlouisfed.org/tags/series?et=&pageID=4&t=armenia/series/MIARMA475SCEN,MIARMA475SCEN,https://fred.stlouisfed.org/series/MIARMA475SCEN
Number of Identified Exporters to Armenia from Indiana,https://fred.stlouisfed.org/tags/series?et=&pageID=4&t=armenia/series/INARMA475SCEN,INARMA475SCEN,https://fred.stlouisfed.org/series/INARMA475SCEN
Use of Financial Services: Number of Depositors which are Small and Medium Enterprises at Other Deposit Takers for Armenia,https://fred.stlouisfed.org/tags/series?et=&pageID=4&t=armenia/series/ARMFCDODDSPENUM,ARMFCDODDSPENUM,https://fred.stlouisfed.org/series/ARMFCDODDSPENUM
Number of Identified Exporters to Armenia from Maine,https://fred.stlouisfed.org/tags/series?et=&pageID=4&t=armenia/series/MEARMA475SCEN,MEARMA475SCEN,https://fred.stlouisfed.org/series/MEARMA475SCEN
Number of Identified Exporters to Armenia from Minnesota,https://fred.stlouisfed.org/tags/series?et=&pageID=4&t=armenia/series/MNARMA475SCEN,MNARMA475SCEN,https://fred.stlouisfed.org/series/MNARMA475SCEN
Value of Exports to Armenia from Ohio,https://fred.stlouisfed.org/tags/series?et=&pageID=4&t=armenia/series/OHARMA052SCEN,OHARMA052SCEN,https://fred.stlouisfed.org/series/OHARMA052SCEN
Value of Exports to Armenia from Pennsylvania,https://fred.stlouisfed.org/tags/series?et=&pageID=4&t=armenia/series/PAARMA052SCEN,PAARMA052SCEN,https://fred.stlouisfed.org/series/PAARMA052SCEN
Number of Identified Exporters to Armenia from Tennessee,https://fred.stlouisfed.org/tags/series?et=&pageID=4&t=armenia/series/TNARMA475SCEN,TNARMA475SCEN,https://fred.stlouisfed.org/series/TNARMA475SCEN
Number of Identified Exporters to Armenia from Pennsylvania,https://fred.stlouisfed.org/tags/series?et=&pageID=4&t=armenia/series/PAARMA475SCEN,PAARMA475SCEN,https://fred.stlouisfed.org/series/PAARMA475SCEN
Value of Exports to Armenia from Tennessee,https://fred.stlouisfed.org/tags/series?et=&pageID=4&t=armenia/series/TNARMA052SCEN,TNARMA052SCEN,https://fred.stlouisfed.org/series/TNARMA052SCEN
"Use of Financial Services, Liabilities: Outstanding Deposits by Households at Other Deposit Takers for Armenia",https://fred.stlouisfed.org/tags/series?et=&pageID=4&t=armenia/series/ARMFCLODDHXDC,ARMFCLODDHXDC,https://fred.stlouisfed.org/series/ARMFCLODDHXDC
Number of Identified Exporters to Armenia from Alaska,https://fred.stlouisfed.org/tags/series?et=&pageID=4&t=armenia/series/AKARMA475SCEN,AKARMA475SCEN,https://fred.stlouisfed.org/series/AKARMA475SCEN
Use of Financial Services Deposit Accounts: Accounts at Insurance Corporations for Armenia,https://fred.stlouisfed.org/tags/series?et=&pageID=4&t=armenia/series/ARMFCAOFINUM,ARMFCAOFINUM,https://fred.stlouisfed.org/series/ARMFCAOFINUM
"Loans from Non-Resident Banks, Amounts Outstanding, to GDP for Armenia",https://fred.stlouisfed.org/tags/series?et=&pageID=4&t=armenia/series/DDOI09AMA156NWDB,DDOI09AMA156NWDB,https://fred.stlouisfed.org/series/DDOI09AMA156NWDB
Number of Identified Exporters to Armenia from Louisiana,https://fred.stlouisfed.org/tags/series?et=&pageID=4&t=armenia/series/LAARMA475SCEN,LAARMA475SCEN,https://fred.stlouisfed.org/series/LAARMA475SCEN
Number of Identified Exporters to Armenia from Oregon,https://fred.stlouisfed.org/tags/series?et=&pageID=4&t=armenia/series/ORARMA475SCEN,ORARMA475SCEN,https://fred.stlouisfed.org/series/ORARMA475SCEN
External Loans and Deposits of Reporting Banks in Relation to the Banking Sector for Armenia,https://fred.stlouisfed.org/tags/series?et=&pageID=4&t=armenia/series/DDOI10AMA156NWDB,DDOI10AMA156NWDB,https://fred.stlouisfed.org/series/DDOI10AMA156NWDB
Number of Identified Exporters to Armenia from Texas,https://fred.stlouisfed.org/tags/series?et=&pageID=4&t=armenia/series/TXARMA475SCEN,TXARMA475SCEN,https://fred.stlouisfed.org/series/TXARMA475SCEN
Refugee Population by Country or Territory of Asylum for Armenia,https://fred.stlouisfed.org/tags/series?et=&pageID=4&t=armenia/series/SMPOPREFGARM,SMPOPREFGARM,https://fred.stlouisfed.org/series/SMPOPREFGARM
Bank Credit to Bank Deposits for Armenia,https://fred.stlouisfed.org/tags/series?et=&pageID=4&t=armenia/series/DDSI04AMA156NWDB,DDSI04AMA156NWDB,https://fred.stlouisfed.org/series/DDSI04AMA156NWDB
Bank's Overhead Costs to Total Assets for Armenia,https://fred.stlouisfed.org/tags/series?et=&pageID=4&t=armenia/series/DDEI04AMA156NWDB,DDEI04AMA156NWDB,https://fred.stlouisfed.org/series/DDEI04AMA156NWDB
"Total Revenue, Excluding Grants, for General Government for Armenia",https://fred.stlouisfed.org/tags/series?et=&pageID=4&t=armenia/series/ARMGGRXGGDPGDPPT,ARMGGRXGGDPGDPPT,https://fred.stlouisfed.org/series/ARMGGRXGGDPGDPPT
"Use of Financial Services: Key Indicators, Outstanding Deposits of Households with Commercial Banks for Armenia",https://fred.stlouisfed.org/tags/series?et=&pageID=4&t=armenia/series/ARMFCLODCHGGDPPT,ARMFCLODCHGGDPPT,https://fred.stlouisfed.org/series/ARMFCLODCHGGDPPT
Number of Identified Exporters to Armenia from Florida,https://fred.stlouisfed.org/tags/series?et=&pageID=4&t=armenia/series/FLARMA475SCEN,FLARMA475SCEN,https://fred.stlouisfed.org/series/FLARMA475SCEN
Number of Identified Exporters to Armenia from New Jersey,https://fred.stlouisfed.org/tags/series?et=&pageID=4&t=armenia/series/NJARMA475SCEN,NJARMA475SCEN,https://fred.stlouisfed.org/series/NJARMA475SCEN
"Geographical Outreach: Number of Branches, Excluding Headquarters, for Other Depository Corporations for Armenia",https://fred.stlouisfed.org/tags/series?et=&pageID=4&t=armenia/series/ARMFCBODNUM,ARMFCBODNUM,https://fred.stlouisfed.org/series/ARMFCBODNUM
Number of Identified Exporters to Armenia from Oklahoma,https://fred.stlouisfed.org/tags/series?et=&pageID=4&t=armenia/series/OKARMA475SCEN,OKARMA475SCEN,https://fred.stlouisfed.org/series/OKARMA475SCEN
"Use of Financial Services, Liabilities: Outstanding Deposits at Commercial Banks for Armenia",https://fred.stlouisfed.org/tags/series?et=&pageID=4&t=armenia/series/ARMFCLODCXDC,ARMFCLODCXDC,https://fred.stlouisfed.org/series/ARMFCLODCXDC
"Use of Financial Services: Key Indicators, Deposit Accounts with Commercial Banks Per 1000 Adults for Armenia",https://fred.stlouisfed.org/tags/series?et=&pageID=4&t=armenia/series/ARMFCAODCANUM,ARMFCAODCANUM,https://fred.stlouisfed.org/series/ARMFCAODCANUM
"Use of Financial Services: Key Indicators, Household Deposit Accounts with Commercial Banks Per 1000 Adults for Armenia",https://fred.stlouisfed.org/tags/series?et=&pageID=4&t=armenia/series/ARMFCAODCHANUM,ARMFCAODCHANUM,https://fred.stlouisfed.org/series/ARMFCAODCHANUM
Number of Identified Exporters to Armenia from Utah,https://fred.stlouisfed.org/tags/series?et=&pageID=4&t=armenia/series/UTARMA475SCEN,UTARMA475SCEN,https://fred.stlouisfed.org/series/UTARMA475SCEN
Number of Identified Exporters to Armenia from West Virginia,https://fred.stlouisfed.org/tags/series?et=&pageID=4&t=armenia/series/WVARMA475SCEN,WVARMA475SCEN,https://fred.stlouisfed.org/series/WVARMA475SCEN
People 15 Years and Over with Account at a Formal Financial Institution for Armenia,https://fred.stlouisfed.org/tags/series?et=&pageID=4&t=armenia/series/DDAI05AMA156NWDB,DDAI05AMA156NWDB,https://fred.stlouisfed.org/series/DDAI05AMA156NWDB
Liquid Assets to Deposits and Short Term Funding for Armenia,https://fred.stlouisfed.org/tags/series?et=&pageID=4&t=armenia/series/DDSI06AMA156NWDB,DDSI06AMA156NWDB,https://fred.stlouisfed.org/series/DDSI06AMA156NWDB
"Use of Financial Services, Assets: Outstanding Loans at Other Deposit Takers for Armenia",https://fred.stlouisfed.org/tags/series?et=&pageID=4&t=armenia/series/ARMFCSODDXDC,ARMFCSODDXDC,https://fred.stlouisfed.org/series/ARMFCSODDXDC
"Use of Financial Services: Key Indicators, Outstanding Deposits with Commercial Banks for Armenia",https://fred.stlouisfed.org/tags/series?et=&pageID=4&t=armenia/series/ARMFCLODCGGDPPT,ARMFCLODCGGDPPT,https://fred.stlouisfed.org/series/ARMFCLODCGGDPPT
Number of Identified Exporters to Armenia from California,https://fred.stlouisfed.org/tags/series?et=&pageID=4&t=armenia/series/CAARMA475SCEN,CAARMA475SCEN,https://fred.stlouisfed.org/series/CAARMA475SCEN
Number of Identified Exporters to Armenia from Illinois,https://fred.stlouisfed.org/tags/series?et=&pageID=4&t=armenia/series/ILARMA475SCEN,ILARMA475SCEN,https://fred.stlouisfed.org/series/ILARMA475SCEN
Use of Financial Services Deposit Accounts: Accounts at Other Depository Corporations for Armenia,https://fred.stlouisfed.org/tags/series?et=&pageID=4&t=armenia/series/ARMFCAODNUM,ARMFCAODNUM,https://fred.stlouisfed.org/series/ARMFCAODNUM
Firms with a Bank Loan or Line of Credit to Total Firms for Armenia,https://fred.stlouisfed.org/tags/series?et=&pageID=4&t=armenia/series/DDAI03AMA156NWDB,DDAI03AMA156NWDB,https://fred.stlouisfed.org/series/DDAI03AMA156NWDB
"Use of Financial Services, Liabilities: Outstanding Deposits by Households at Commercial Banks for Armenia",https://fred.stlouisfed.org/tags/series?et=&pageID=4&t=armenia/series/ARMFCLODCHXDC,ARMFCLODCHXDC,https://fred.stlouisfed.org/series/ARMFCLODCHXDC
Value of Exports to Armenia from Georgia,https://fred.stlouisfed.org/tags/series?et=&pageID=4&t=armenia/series/GAARMA052SCEN,GAARMA052SCEN,https://fred.stlouisfed.org/series/GAARMA052SCEN
Price Level of the Capital Stock for Armenia,https://fred.stlouisfed.org/tags/series?et=&pageID=4&t=armenia/series/PLKCPPAMA670NRUG,PLKCPPAMA670NRUG,https://fred.stlouisfed.org/series/PLKCPPAMA670NRUG
Number of Identified Exporters to Armenia from Kansas,https://fred.stlouisfed.org/tags/series?et=&pageID=4&t=armenia/series/KSARMA475SCEN,KSARMA475SCEN,https://fred.stlouisfed.org/series/KSARMA475SCEN
Value of Exports to Armenia from Nevada,https://fred.stlouisfed.org/tags/series?et=&pageID=4&t=armenia/series/NVARMA052SCEN,NVARMA052SCEN,https://fred.stlouisfed.org/series/NVARMA052SCEN
"Geographical Outreach: Number of Branches, Excluding Headquarters, for Commercial Banks for Armenia","https://fred.stlouisfed.org/tags/series?et=&pageID=4&t=armenia/series/ARMFCBODCNUM""Value of Exports to Armenia from Arkansas","ARMFCBODCNUM""Value of Exports to Armenia from Arkansas","https://fred.stlouisfed.org/series/ARMFCBODCNUM""Value of Exports to Armenia from Arkansas"
Use of Financial Services: Key Indicators Active Mobile Money Accounts Per 1000 Adults for Armenia,https://fred.stlouisfed.org/tags/series?et=&pageID=5&t=armenia/series/ARMFCMAAANUM,ARMFCMAAANUM,https://fred.stlouisfed.org/series/ARMFCMAAANUM
"Geographical Outreach: Key Indicators, Mobile Banking, Registered Agent Outlets Per 1000 Km2 for Armenia",https://fred.stlouisfed.org/tags/series?et=&pageID=5&t=armenia/series/ARMFCMORKNUM,ARMFCMORKNUM,https://fred.stlouisfed.org/series/ARMFCMORKNUM
"Geographical Outreach, Mobile Banking: Registered Number of Agent Outlets for Armenia",https://fred.stlouisfed.org/tags/series?et=&pageID=5&t=armenia/series/ARMFCMORNUM,ARMFCMORNUM,https://fred.stlouisfed.org/series/ARMFCMORNUM
Use of Financial Services: Number of Loan Accounts for Households at Commercial Banks for Armenia,https://fred.stlouisfed.org/tags/series?et=&pageID=5&t=armenia/series/ARMFCNODCHNUM,ARMFCNODCHNUM,https://fred.stlouisfed.org/series/ARMFCNODCHNUM
Value of Exports to Armenia from North Carolina,https://fred.stlouisfed.org/tags/series?et=&pageID=5&t=armenia/series/NCARMA052SCEN,NCARMA052SCEN,https://fred.stlouisfed.org/series/NCARMA052SCEN
Value of Exports to Armenia from Oklahoma,https://fred.stlouisfed.org/tags/series?et=&pageID=5&t=armenia/series/OKARMA052SCEN,OKARMA052SCEN,https://fred.stlouisfed.org/series/OKARMA052SCEN
Consumption Share of Purchasing Power Parity Converted GDP Per Capita at current prices for Armenia,https://fred.stlouisfed.org/tags/series?et=&pageID=5&t=armenia/series/CSPPPGAMA156NUPN,CSPPPGAMA156NUPN,https://fred.stlouisfed.org/series/CSPPPGAMA156NUPN
Value of Exports to Armenia from Iowa,https://fred.stlouisfed.org/tags/series?et=&pageID=5&t=armenia/series/IAARMA052SCEN,IAARMA052SCEN,https://fred.stlouisfed.org/series/IAARMA052SCEN
Number of Identified Exporters to Armenia from North Dakota,https://fred.stlouisfed.org/tags/series?et=&pageID=5&t=armenia/series/NDARMA475SCEN,NDARMA475SCEN,https://fred.stlouisfed.org/series/NDARMA475SCEN
"Geographical Outreach: Number of Branches, Excluding Headquarters, for Other Deposit Takers for Armenia",https://fred.stlouisfed.org/tags/series?et=&pageID=5&t=armenia/series/ARMFCBODDNUM,ARMFCBODDNUM,https://fred.stlouisfed.org/series/ARMFCBODDNUM
"Geographical Outreach: Number of Institutions, Other Depository Corporations for Armenia",https://fred.stlouisfed.org/tags/series?et=&pageID=5&t=armenia/series/ARMFCIODNUM,ARMFCIODNUM,https://fred.stlouisfed.org/series/ARMFCIODNUM
Number of Identified Exporters to Armenia from New Mexico,https://fred.stlouisfed.org/tags/series?et=&pageID=5&t=armenia/series/NMARMA475SCEN,NMARMA475SCEN,https://fred.stlouisfed.org/series/NMARMA475SCEN
Value of Exports to Armenia from Delaware,https://fred.stlouisfed.org/tags/series?et=&pageID=5&t=armenia/series/DEARMA052SCEN,DEARMA052SCEN,https://fred.stlouisfed.org/series/DEARMA052SCEN
Number of Identified Exporters to Armenia from Idaho,https://fred.stlouisfed.org/tags/series?et=&pageID=5&t=armenia/series/IDARMA475SCEN,IDARMA475SCEN,https://fred.stlouisfed.org/series/IDARMA475SCEN
Price Level of Capital Formation for Armenia,https://fred.stlouisfed.org/tags/series?et=&pageID=5&t=armenia/series/PLICPPAMA670NRUG,PLICPPAMA670NRUG,https://fred.stlouisfed.org/series/PLICPPAMA670NRUG
Investment Share of Purchasing Power Parity Converted GDP Per Capita at constant prices for Armenia,https://fred.stlouisfed.org/tags/series?et=&pageID=5&t=armenia/series/KIPPPGAMA156NUPN,KIPPPGAMA156NUPN,https://fred.stlouisfed.org/series/KIPPPGAMA156NUPN
Price level of Output-side Real GDP at Current Purchasing Power Parities (Purchasing Power Parity/Exchange Rate) for Armenia,https://fred.stlouisfed.org/tags/series?et=&pageID=5&t=armenia/series/PLGDPOAMA670NRUG,PLGDPOAMA670NRUG,https://fred.stlouisfed.org/series/PLGDPOAMA670NRUG
Government Consumption Share of Purchasing Power Parity Converted GDP Per Capita at current prices for Armenia,https://fred.stlouisfed.org/tags/series?et=&pageID=5&t=armenia/series/CGPPPGAMA156NUPN,CGPPPGAMA156NUPN,https://fred.stlouisfed.org/series/CGPPPGAMA156NUPN
Use of Financial Services: Number of Loan Accounts at Other Depository Corporations for Armenia,https://fred.stlouisfed.org/tags/series?et=&pageID=5&t=armenia/series/ARMFCNODNUM,ARMFCNODNUM,https://fred.stlouisfed.org/series/ARMFCNODNUM
Use of Financial Services Borrowers: Persons Borrowing from Other Deposit Takers for Armenia,https://fred.stlouisfed.org/tags/series?et=&pageID=5&t=armenia/series/ARMFCRODDPENUM,ARMFCRODDPENUM,https://fred.stlouisfed.org/series/ARMFCRODDPENUM
"Use of Financial Services, Assets: Outstanding Loans at Other Other Financial Intermediaries for Armenia",https://fred.stlouisfed.org/tags/series?et=&pageID=5&t=armenia/series/ARMFCSMOXDC,ARMFCSMOXDC,https://fred.stlouisfed.org/series/ARMFCSMOXDC
People 15 Years and Over Saving at a Financial Institution in the Past Year for Armenia,https://fred.stlouisfed.org/tags/series?et=&pageID=5&t=armenia/series/DDAI06AMA156NWDB,DDAI06AMA156NWDB,https://fred.stlouisfed.org/series/DDAI06AMA156NWDB
Value of Exports to Armenia from Michigan,https://fred.stlouisfed.org/tags/series?et=&pageID=5&t=armenia/series/MIARMA052SCEN,MIARMA052SCEN,https://fred.stlouisfed.org/series/MIARMA052SCEN
Value of Exports to Armenia from Washington,https://fred.stlouisfed.org/tags/series?et=&pageID=5&t=armenia/series/WAARMA052SCEN,WAARMA052SCEN,https://fred.stlouisfed.org/series/WAARMA052SCEN
Value of Exports to Armenia from Alabama,https://fred.stlouisfed.org/tags/series?et=&pageID=5&t=armenia/series/ALARMA052SCEN,ALARMA052SCEN,https://fred.stlouisfed.org/series/ALARMA052SCEN
Number of Identified Exporters to Armenia from Connecticut,https://fred.stlouisfed.org/tags/series?et=&pageID=5&t=armenia/series/CTARMA475SCEN,CTARMA475SCEN,https://fred.stlouisfed.org/series/CTARMA475SCEN
Ratio of Female to Male Secondary School Enrollment for Armenia,https://fred.stlouisfed.org/tags/series?et=&pageID=5&t=armenia/series/SEENRSECOFMZSARM,SEENRSECOFMZSARM,https://fred.stlouisfed.org/series/SEENRSECOFMZSARM
Value of Exports to Armenia from Colorado,https://fred.stlouisfed.org/tags/series?et=&pageID=5&t=armenia/series/COARMA052SCEN,COARMA052SCEN,https://fred.stlouisfed.org/series/COARMA052SCEN
Number of Identified Exporters to Armenia from Colorado,https://fred.stlouisfed.org/tags/series?et=&pageID=5&t=armenia/series/COARMA475SCEN,COARMA475SCEN,https://fred.stlouisfed.org/series/COARMA475SCEN
Discussion About Pandemics Index for Armenia,https://fred.stlouisfed.org/tags/series?et=&pageID=5&t=armenia/series/WPDIARM,WPDIARM,https://fred.stlouisfed.org/series/WPDIARM
"Geographical Outreach: Number of Institutions, Other Financial Corporations, Insurance Corporations for Armenia",https://fred.stlouisfed.org/tags/series?et=&pageID=5&t=armenia/series/ARMFCIOFINUM,ARMFCIOFINUM,https://fred.stlouisfed.org/series/ARMFCIOFINUM
Share of Merchandise Exports at Current Purchasing Power Parities for Armenia,https://fred.stlouisfed.org/tags/series?et=&pageID=5&t=armenia/series/CSHXCPAMA156NRUG,CSHXCPAMA156NRUG,https://fred.stlouisfed.org/series/CSHXCPAMA156NRUG
"Purchasing Power Parity Converted GDP Per Capita, G-K method, at current prices for Armenia",https://fred.stlouisfed.org/tags/series?et=&pageID=5&t=armenia/series/PPCGDPAMA620NUPN,PPCGDPAMA620NUPN,https://fred.stlouisfed.org/series/PPCGDPAMA620NUPN
"Purchasing Power Parity Converted GDP Per Capita Relative to the United States, average GEKS-CPDW, at current prices for Armenia",https://fred.stlouisfed.org/tags/series?et=&pageID=5&t=armenia/series/PGD2USAMA621NUPN,PGD2USAMA621NUPN,https://fred.stlouisfed.org/series/PGD2USAMA621NUPN
Value of Exports to Armenia from Texas,https://fred.stlouisfed.org/tags/series?et=&pageID=5&t=armenia/series/TXARMA052SCEN,TXARMA052SCEN,https://fred.stlouisfed.org/series/TXARMA052SCEN
Mobile Cellular Subscriptions in Armenia,https://fred.stlouisfed.org/tags/series?et=&pageID=5&t=armenia/series/ITCELSETSP2ARM,ITCELSETSP2ARM,https://fred.stlouisfed.org/series/ITCELSETSP2ARM
"Use of Financial Services: Key Indicators, Outstanding Loans from Commercial Banks for Armenia",https://fred.stlouisfed.org/tags/series?et=&pageID=5&t=armenia/series/ARMFCSODCGGDPPT,ARMFCSODCGGDPPT,https://fred.stlouisfed.org/series/ARMFCSODCGGDPPT
Value of Exports to Armenia from Connecticut,https://fred.stlouisfed.org/tags/series?et=&pageID=5&t=armenia/series/CTARMA052SCEN,CTARMA052SCEN,https://fred.stlouisfed.org/series/CTARMA052SCEN
Purchasing Power Parity Converted GDP Chain per equivalent adult for Armenia,https://fred.stlouisfed.org/tags/series?et=&pageID=5&t=armenia/series/RGDPEQAMA626NUPN,RGDPEQAMA626NUPN,https://fred.stlouisfed.org/series/RGDPEQAMA626NUPN
Use of Financial Services Deposit Accounts: Household Accounts at Commercial Banks for Armenia,https://fred.stlouisfed.org/tags/series?et=&pageID=5&t=armenia/series/ARMFCAODCHNUM,ARMFCAODCHNUM,https://fred.stlouisfed.org/series/ARMFCAODCHNUM
Share of Residual Trade and GDP Statistical Discrepancy at Current Purchasing Power Parities for Armenia,https://fred.stlouisfed.org/tags/series?et=&pageID=5&t=armenia/series/CSHRCPAMA156NRUG,CSHRCPAMA156NRUG,https://fred.stlouisfed.org/series/CSHRCPAMA156NRUG
"Use of Financial Services, Liabilities: Outstanding Deposits for Non-life Insurance at Insurance Corporations for Armenia",https://fred.stlouisfed.org/tags/series?et=&pageID=5&t=armenia/series/ARMFCLOFINPXDC,ARMFCLOFINPXDC,https://fred.stlouisfed.org/series/ARMFCLOFINPXDC
"Use of Financial Services, Liabilities: Outstanding Deposits at Insurance Corporations for Armenia",https://fred.stlouisfed.org/tags/series?et=&pageID=5&t=armenia/series/ARMFCLOFIXDC,ARMFCLOFIXDC,https://fred.stlouisfed.org/series/ARMFCLOFIXDC
"Use of Financial Services, Liabilities: Outstanding Deposits by Households at Other Financial Intermediaries for Armenia",https://fred.stlouisfed.org/tags/series?et=&pageID=5&t=armenia/series/ARMFCLOFMXDC,ARMFCLOFMXDC,https://fred.stlouisfed.org/series/ARMFCLOFMXDC
Gross Portfolio Debt Liabilities to GDP for Armenia,https://fred.stlouisfed.org/tags/series?et=&pageID=5&t=armenia/series/DDDM10AMA156NWDB,DDDM10AMA156NWDB,https://fred.stlouisfed.org/series/DDDM10AMA156NWDB
Number of Identified Exporters to Armenia from Virginia,https://fred.stlouisfed.org/tags/series?et=&pageID=5&t=armenia/series/VAARMA475SCEN,VAARMA475SCEN,https://fred.stlouisfed.org/series/VAARMA475SCEN
Geographical Outreach: Key Indicators ATMs Per 1000 Km2 for Armenia,https://fred.stlouisfed.org/tags/series?et=&pageID=5&t=armenia/series/ARMFCAKNUM,ARMFCAKNUM,https://fred.stlouisfed.org/series/ARMFCAKNUM
Value of Exports to Armenia from Kentucky,https://fred.stlouisfed.org/tags/series?et=&pageID=5&t=armenia/series/KYARMA052SCEN,KYARMA052SCEN,https://fred.stlouisfed.org/series/KYARMA052SCEN
Number of Identified Exporters to Armenia from New York,"https://fred.stlouisfed.org/tags/series?et=&pageID=5&t=armenia/series/NYARMA475SCEN""Use of Financial Services, Liabilities: Outstanding Deposits at Other Depository Corporations for Armenia","NYARMA475SCEN""Use of Financial Services, Liabilities: Outstanding Deposits at Other Depository Corporations for Armenia","https://fred.stlouisfed.org/series/NYARMA475SCEN""Use of Financial Services, Liabilities: Outstanding Deposits at Other Depository Corporations for Armenia"
"Use of Financial Services, Mobile Banking: Number of Mobile Money Transactions (during the Reference Year) for Armenia",https://fred.stlouisfed.org/tags/series?et=&pageID=7&t=armenia/series/ARMFCMTNUM,ARMFCMTNUM,https://fred.stlouisfed.org/series/ARMFCMTNUM
"Use of Financial Services: Key Indicators, Loan Accounts with Commercial Banks Per 1,000 Adults for Armenia",https://fred.stlouisfed.org/tags/series?et=&pageID=7&t=armenia/series/ARMFCNODCANUM,ARMFCNODCANUM,https://fred.stlouisfed.org/series/ARMFCNODCANUM
"Use of Financial Services, Assets: Outstanding Loans at Other Financial Intermediaries for Armenia",https://fred.stlouisfed.org/tags/series?et=&pageID=7&t=armenia/series/ARMFCSMXDC,ARMFCSMXDC,https://fred.stlouisfed.org/series/ARMFCSMXDC
"Use of Financial Services, Assets: Outstanding Loans to Households at Commercial Banks for Armenia",https://fred.stlouisfed.org/tags/series?et=&pageID=7&t=armenia/series/ARMFCSODCHXDC,ARMFCSODCHXDC,https://fred.stlouisfed.org/series/ARMFCSODCHXDC
"Use of Financial Services, Assets: Outstanding Loans to Households at Other Deposit Takers for Armenia",https://fred.stlouisfed.org/tags/series?et=&pageID=7&t=armenia/series/ARMFCSODDHXDC,ARMFCSODDHXDC,https://fred.stlouisfed.org/series/ARMFCSODDHXDC
Number of Identified Exporters to Armenia from District of Columbia,https://fred.stlouisfed.org/tags/series?et=&pageID=7&t=armenia/series/DCARMA475SCEN,DCARMA475SCEN,https://fred.stlouisfed.org/series/DCARMA475SCEN
Number of Identified Exporters to Armenia from Iowa,https://fred.stlouisfed.org/tags/series?et=&pageID=7&t=armenia/series/IAARMA475SCEN,IAARMA475SCEN,https://fred.stlouisfed.org/series/IAARMA475SCEN
Value of Exports to Armenia from Illinois,https://fred.stlouisfed.org/tags/series?et=&pageID=7&t=armenia/series/ILARMA052SCEN,ILARMA052SCEN,https://fred.stlouisfed.org/series/ILARMA052SCEN
Value of Exports to Armenia from Louisiana,https://fred.stlouisfed.org/tags/series?et=&pageID=7&t=armenia/series/LAARMA052SCEN,LAARMA052SCEN,https://fred.stlouisfed.org/series/LAARMA052SCEN
Number of Identified Exporters to Armenia from Maryland,https://fred.stlouisfed.org/tags/series?et=&pageID=7&t=armenia/series/MDARMA475SCEN,MDARMA475SCEN,https://fred.stlouisfed.org/series/MDARMA475SCEN
Value of Exports to Armenia from Minnesota,https://fred.stlouisfed.org/tags/series?et=&pageID=7&t=armenia/series/MNARMA052SCEN,MNARMA052SCEN,https://fred.stlouisfed.org/series/MNARMA052SCEN
Number of Identified Exporters to Armenia from Missouri,https://fred.stlouisfed.org/tags/series?et=&pageID=7&t=armenia/series/MOARMA475SCEN,MOARMA475SCEN,https://fred.stlouisfed.org/series/MOARMA475SCEN
Number of Identified Exporters to Armenia from New Hampshire,https://fred.stlouisfed.org/tags/series?et=&pageID=7&t=armenia/series/NHARMA475SCEN,NHARMA475SCEN,https://fred.stlouisfed.org/series/NHARMA475SCEN
Number of Identified Exporters to Armenia from Nevada,https://fred.stlouisfed.org/tags/series?et=&pageID=7&t=armenia/series/NVARMA475SCEN,NVARMA475SCEN,https://fred.stlouisfed.org/series/NVARMA475SCEN
Number of Identified Exporters to Armenia from Ohio,https://fred.stlouisfed.org/tags/series?et=&pageID=7&t=armenia/series/OHARMA475SCEN,OHARMA475SCEN,https://fred.stlouisfed.org/series/OHARMA475SCEN
Value of Exports to Armenia from Oregon,https://fred.stlouisfed.org/tags/series?et=&pageID=7&t=armenia/series/ORARMA052SCEN,ORARMA052SCEN,https://fred.stlouisfed.org/series/ORARMA052SCEN
U.S. Granted Patents: Reissue Patents Originating in Armenia,https://fred.stlouisfed.org/tags/series?et=&pageID=7&t=armenia/series/PATENT4NAMREISSUE,PATENT4NAMREISSUE,https://fred.stlouisfed.org/series/PATENT4NAMREISSUE
U.S. Granted Patents: Total Patents Originating in Armenia,https://fred.stlouisfed.org/tags/series?et=&pageID=7&t=armenia/series/PATENT4NAMTOTAL,PATENT4NAMTOTAL,https://fred.stlouisfed.org/series/PATENT4NAMTOTAL
"Purchasing Power Parity Converted GDP Per Capita, average GEKS-CPDW, at current prices for Armenia",https://fred.stlouisfed.org/tags/series?et=&pageID=7&t=armenia/series/PC2GDPAMA620NUPN,PC2GDPAMA620NUPN,https://fred.stlouisfed.org/series/PC2GDPAMA620NUPN
"Purchasing Power Parity Converted Domestic Absorption Per Capita, average GEKS-CPDW, at current prices for Armenia",https://fred.stlouisfed.org/tags/series?et=&pageID=7&t=armenia/series/PCDGDPAMA620NUPN,PCDGDPAMA620NUPN,https://fred.stlouisfed.org/series/PCDGDPAMA620NUPN
Number of Identified Exporters to Armenia from Puerto Rico,https://fred.stlouisfed.org/tags/series?et=&pageID=7&t=armenia/series/PRARMA475SCEN,PRARMA475SCEN,https://fred.stlouisfed.org/series/PRARMA475SCEN
"Purchasing Power Parity Converted GDP Per Capita (Laspeyres), derived from growth rates of domestic absorption for Armenia",https://fred.stlouisfed.org/tags/series?et=&pageID=7&t=armenia/series/RGDPL2AMA625NUPN,RGDPL2AMA625NUPN,https://fred.stlouisfed.org/series/RGDPL2AMA625NUPN
Value of Exports to Armenia from Vermont,https://fred.stlouisfed.org/tags/series?et=&pageID=7&t=armenia/series/VTARMA052SCEN,VTARMA052SCEN,https://fred.stlouisfed.org/series/VTARMA052SCEN
Value of Exports to Armenia from Wisconsin,https://fred.stlouisfed.org/tags/series?et=&pageID=7&t=armenia/series/WIARMA052SCEN,WIARMA052SCEN,https://fred.stlouisfed.org/series/WIARMA052SCEN
Number of Identified Exporters to Armenia from Wisconsin,"https://fred.stlouisfed.org/tags/series?et=&pageID=7&t=armenia/series/WIARMA475SCEN""Number of Identified Exporters to Armenia from North Carolina","WIARMA475SCEN""Number of Identified Exporters to Armenia from North Carolina","https://fred.stlouisfed.org/series/WIARMA475SCEN""Number of Identified Exporters to Armenia from North Carolina"
Number of Identified Exporters to Armenia from Washington,https://fred.stlouisfed.org/tags/series?et=&pageID=6&t=armenia/series/WAARMA475SCEN,WAARMA475SCEN,https://fred.stlouisfed.org/series/WAARMA475SCEN
Gross Portfolio Equity Assets to GDP for Armenia,https://fred.stlouisfed.org/tags/series?et=&pageID=6&t=armenia/series/DDDM09AMA156NWDB,DDDM09AMA156NWDB,https://fred.stlouisfed.org/series/DDDM09AMA156NWDB
Number of Identified Exporters to Armenia from Mississippi,https://fred.stlouisfed.org/tags/series?et=&pageID=6&t=armenia/series/MSARMA475SCEN,MSARMA475SCEN,https://fred.stlouisfed.org/series/MSARMA475SCEN
Value of Exports to Armenia from New Jersey,https://fred.stlouisfed.org/tags/series?et=&pageID=6&t=armenia/series/NJARMA052SCEN,NJARMA052SCEN,https://fred.stlouisfed.org/series/NJARMA052SCEN
Value of Exports to Armenia from Massachusetts,https://fred.stlouisfed.org/tags/series?et=&pageID=6&t=armenia/series/MAARMA052SCEN,MAARMA052SCEN,https://fred.stlouisfed.org/series/MAARMA052SCEN
"Geographical Outreach: Number of Institutions, Other Depository Corporations, Other Deposit Takers for Armenia",https://fred.stlouisfed.org/tags/series?et=&pageID=6&t=armenia/series/ARMFCIODDNUM,ARMFCIODDNUM,https://fred.stlouisfed.org/series/ARMFCIODDNUM
"Geographical Outreach: Number of Institutions, Other Financial Corporations for Armenia",https://fred.stlouisfed.org/tags/series?et=&pageID=6&t=armenia/series/ARMFCIOFNUM,ARMFCIOFNUM,https://fred.stlouisfed.org/series/ARMFCIOFNUM
Number of Identified Exporters to Armenia from Nebraska,https://fred.stlouisfed.org/tags/series?et=&pageID=6&t=armenia/series/NEARMA475SCEN,NEARMA475SCEN,https://fred.stlouisfed.org/series/NEARMA475SCEN
Value of Exports to Armenia from Missouri,https://fred.stlouisfed.org/tags/series?et=&pageID=6&t=armenia/series/MOARMA052SCEN,MOARMA052SCEN,https://fred.stlouisfed.org/series/MOARMA052SCEN
Value of Exports to Armenia from Utah,https://fred.stlouisfed.org/tags/series?et=&pageID=6&t=armenia/series/UTARMA052SCEN,UTARMA052SCEN,https://fred.stlouisfed.org/series/UTARMA052SCEN
Investment Share of Purchasing Power Parity Converted GDP Per Capita at current prices for Armenia,https://fred.stlouisfed.org/tags/series?et=&pageID=6&t=armenia/series/CIPPPGAMA156NUPN,CIPPPGAMA156NUPN,https://fred.stlouisfed.org/series/CIPPPGAMA156NUPN
Price Level of Consumption for Armenia,https://fred.stlouisfed.org/tags/series?et=&pageID=6&t=armenia/series/PLOCONAMA622NUPN,PLOCONAMA622NUPN,https://fred.stlouisfed.org/series/PLOCONAMA622NUPN
Price Level of Household Consumption for Armenia,https://fred.stlouisfed.org/tags/series?et=&pageID=6&t=armenia/series/PLCCPPAMA670NRUG,PLCCPPAMA670NRUG,https://fred.stlouisfed.org/series/PLCCPPAMA670NRUG
Use of Financial Services: Number of Loan Accounts at Other Deposit Takers for Armenia,https://fred.stlouisfed.org/tags/series?et=&pageID=6&t=armenia/series/ARMFCNODDNUM,ARMFCNODDNUM,https://fred.stlouisfed.org/series/ARMFCNODDNUM
Share of Merchandise Imports at Current Purchasing Power Parities for Armenia,https://fred.stlouisfed.org/tags/series?et=&pageID=6&t=armenia/series/CSHMCPAMA156NRUG,CSHMCPAMA156NRUG,https://fred.stlouisfed.org/series/CSHMCPAMA156NRUG
Price level of Expenditure-side Real GDP at Current Purchasing Power Parities (Purchasing Power Parity/Exchange Rate) for Armenia (DISCONTINUED),https://fred.stlouisfed.org/tags/series?et=&pageID=6&t=armenia/series/PLGDPEAMA670NRUG,PLGDPEAMA670NRUG,https://fred.stlouisfed.org/series/PLGDPEAMA670NRUG
"Price Level of GDP, G-K method for Armenia",https://fred.stlouisfed.org/tags/series?et=&pageID=6&t=armenia/series/PLOGDPAMA621NUPN,PLOGDPAMA621NUPN,https://fred.stlouisfed.org/series/PLOGDPAMA621NUPN
Purchasing Power Parity Converted GDP Chain per worker for Armenia,https://fred.stlouisfed.org/tags/series?et=&pageID=6&t=armenia/series/RGDPWOAMA627NUPN,RGDPWOAMA627NUPN,https://fred.stlouisfed.org/series/RGDPWOAMA627NUPN
Value of Exports to Armenia from Virginia,https://fred.stlouisfed.org/tags/series?et=&pageID=6&t=armenia/series/VAARMA052SCEN,VAARMA052SCEN,https://fred.stlouisfed.org/series/VAARMA052SCEN
"Geographical Outreach: Key Indicators Commercial Bank Branches Per 100,000 Adults for Armenia",https://fred.stlouisfed.org/tags/series?et=&pageID=6&t=armenia/series/ARMFCBODCANUM,ARMFCBODCANUM,https://fred.stlouisfed.org/series/ARMFCBODCANUM
Geographical Outreach: Key Indicators Commercial Bank Branches Per 1000 Km2 for Armenia,https://fred.stlouisfed.org/tags/series?et=&pageID=6&t=armenia/series/ARMFCBODCKNUM,ARMFCBODCKNUM,https://fred.stlouisfed.org/series/ARMFCBODCKNUM
Consolidated Foreign Claims of BIS-Reporting Banks to GDP for Armenia,https://fred.stlouisfed.org/tags/series?et=&pageID=6&t=armenia/series/DDOI12AMA156NWDB,DDOI12AMA156NWDB,https://fred.stlouisfed.org/series/DDOI12AMA156NWDB
Government Consumption Share of Purchasing Power Parity Converted GDP Per Capita at constant prices for Armenia,https://fred.stlouisfed.org/tags/series?et=&pageID=6&t=armenia/series/KGPPPGAMA156NUPN,KGPPPGAMA156NUPN,https://fred.stlouisfed.org/series/KGPPPGAMA156NUPN
Price Level of Imports for Armenia,https://fred.stlouisfed.org/tags/series?et=&pageID=6&t=armenia/series/PLMCPPAMA670NRUG,PLMCPPAMA670NRUG,https://fred.stlouisfed.org/series/PLMCPPAMA670NRUG
Ratio of Female to Male Tertiary School Enrollment for Armenia,https://fred.stlouisfed.org/tags/series?et=&pageID=6&t=armenia/series/SEENRTERTFMZSARM,SEENRTERTFMZSARM,https://fred.stlouisfed.org/series/SEENRTERTFMZSARM
"Geographical Outreach: Number of Automated Teller Machines (ATMs), Country Wide for Armenia",https://fred.stlouisfed.org/tags/series?et=&pageID=6&t=armenia/series/ARMFCACNUM,ARMFCACNUM,https://fred.stlouisfed.org/series/ARMFCACNUM
Use of Financial Services Deposit Accounts: Accounts at Other Deposit Takers for Armenia,https://fred.stlouisfed.org/tags/series?et=&pageID=6&t=armenia/series/ARMFCAODDNUM,ARMFCAODDNUM,https://fred.stlouisfed.org/series/ARMFCAODDNUM
"Geographical Outreach: Key Indicators, Mobile Banking, Registered Agent Outlets Per 100,000 Adults for Armenia",https://fred.stlouisfed.org/tags/series?et=&pageID=6&t=armenia/series/ARMFCMORANUM,ARMFCMORANUM,https://fred.stlouisfed.org/series/ARMFCMORANUM
Share of Household Consumption at Current Purchasing Power Parities for Armenia,https://fred.stlouisfed.org/tags/series?et=&pageID=6&t=armenia/series/CSHCCPAMA156NRUG,CSHCCPAMA156NRUG,https://fred.stlouisfed.org/series/CSHCCPAMA156NRUG
Share of Government Consumption at Current Purchasing Power Parities for Armenia,https://fred.stlouisfed.org/tags/series?et=&pageID=6&t=armenia/series/CSHGCPAMA156NRUG,CSHGCPAMA156NRUG,https://fred.stlouisfed.org/series/CSHGCPAMA156NRUG
Consumption Share of Purchasing Power Parity Converted GDP Per Capita at constant prices for Armenia,https://fred.stlouisfed.org/tags/series?et=&pageID=6&t=armenia/series/KCPPPGAMA156NUPN,KCPPPGAMA156NUPN,https://fred.stlouisfed.org/series/KCPPPGAMA156NUPN
Value of Exports to Armenia from South Carolina,https://fred.stlouisfed.org/tags/series?et=&pageID=6&t=armenia/series/SCARMA052SCEN,SCARMA052SCEN,https://fred.stlouisfed.org/series/SCARMA052SCEN
Use of Financial Services: Key Indicators Registered Mobile Money Accounts Per 1000 Adults for Armenia,https://fred.stlouisfed.org/tags/series?et=&pageID=6&t=armenia/series/ARMFCMARANUM,ARMFCMARANUM,https://fred.stlouisfed.org/series/ARMFCMARANUM
Number of Identified Exporters to Armenia from Arizona,https://fred.stlouisfed.org/tags/series?et=&pageID=6&t=armenia/series/AZARMA475SCEN,AZARMA475SCEN,https://fred.stlouisfed.org/series/AZARMA475SCEN
Number of Bank Branches for Armenia,https://fred.stlouisfed.org/tags/series?et=&pageID=6&t=armenia/series/DDAI02AMA643NWDB,DDAI02AMA643NWDB,https://fred.stlouisfed.org/series/DDAI02AMA643NWDB
Gross Portfolio Equity Liabilities to GDP for Armenia,https://fred.stlouisfed.org/tags/series?et=&pageID=6&t=armenia/series/DDDM08AMA156NWDB,DDDM08AMA156NWDB,https://fred.stlouisfed.org/series/DDDM08AMA156NWDB
Secure Internet Servers for Armenia,https://fred.stlouisfed.org/tags/series?et=&pageID=6&t=armenia/series/ITNETSECRP6ARM,ITNETSECRP6ARM,https://fred.stlouisfed.org/series/ITNETSECRP6ARM
"Price Level of GDP, average of GEKS-CPDW for Armenia",https://fred.stlouisfed.org/tags/series?et=&pageID=6&t=armenia/series/PL2GDPAMA621NUPN,PL2GDPAMA621NUPN,https://fred.stlouisfed.org/series/PL2GDPAMA621NUPN
Value of Exports to Armenia from Arizona,https://fred.stlouisfed.org/tags/series?et=&pageID=6&t=armenia/series/AZARMA052SCEN,AZARMA052SCEN,https://fred.stlouisfed.org/series/AZARMA052SCEN
Purchasing Power Parity Converted GDP Laspeyres per worker for Armenia,https://fred.stlouisfed.org/tags/series?et=&pageID=6&t=armenia/series/RGDPLWAMA627NUPN,RGDPLWAMA627NUPN,https://fred.stlouisfed.org/series/RGDPLWAMA627NUPN
Ratio of Female to Male Primary School Enrollment for Armenia,https://fred.stlouisfed.org/tags/series?et=&pageID=6&t=armenia/series/SEENRPRIMFMZSARM,SEENRPRIMFMZSARM,https://fred.stlouisfed.org/series/SEENRPRIMFMZSARM
"Use of Financial Services, Liabilities: Outstanding Deposits at Other Deposit Takers for Armenia",https://fred.stlouisfed.org/tags/series?et=&pageID=6&t=armenia/series/ARMFCLODDXDC,ARMFCLODDXDC,https://fred.stlouisfed.org/series/ARMFCLODDXDC
"Use of Financial Services, Mobile Banking: Value of Mobile Money Transactions (during the Reference Year) for Armenia",https://fred.stlouisfed.org/tags/series?et=&pageID=6&t=armenia/series/ARMFCMTVXDC,ARMFCMTVXDC,https://fred.stlouisfed.org/series/ARMFCMTVXDC
"Use of Financial Services: Key Indicators, Household Loan Accounts with Commercial Banks Per 1,000 Adults for Armenia",https://fred.stlouisfed.org/tags/series?et=&pageID=6&t=armenia/series/ARMFCNODCHANUM,ARMFCNODCHANUM,https://fred.stlouisfed.org/series/ARMFCNODCHANUM
"Use of Financial Services, Assets: Outstanding Loans at Other Depository Corporations for Armenia",https://fred.stlouisfed.org/tags/series?et=&pageID=6&t=armenia/series/ARMFCSODXDC,ARMFCSODXDC,https://fred.stlouisfed.org/series/ARMFCSODXDC
People 15 Years and Over Borrowing from a Financial Institution in the Past Year for Armenia,https://fred.stlouisfed.org/tags/series?et=&pageID=6&t=armenia/series/DDAI07AMA156NWDB,DDAI07AMA156NWDB,https://fred.stlouisfed.org/series/DDAI07AMA156NWDB
Number of Identified Exporters to Armenia from Rhode Island,https://fred.stlouisfed.org/tags/series?et=&pageID=6&t=armenia/series/RIARMA475SCEN,RIARMA475SCEN,https://fred.stlouisfed.org/series/RIARMA475SCEN
Number of Identified Exporters to Armenia from South Carolina,https://fred.stlouisfed.org/tags/series?et=&pageID=6&t=armenia/series/SCARMA475SCEN,SCARMA475SCEN,https://fred.stlouisfed.org/series/SCARMA475SCEN
Population Ages 0 to 14 for Armenia,https://fred.stlouisfed.org/tags/series?et=&pageID=6&t=armenia/series/SPPOP0014TOZSARM,SPPOP0014TOZSARM,https://fred.stlouisfed.org/series/SPPOP0014TOZSARM